{"lattice": {"a": 3.9976281874381465, "gamma": 59.99999999999999, "c": 3.9976281874381465, "b": 3.9976281874381465, "matrix": [[0.0, 2.82675, 2.82675], [2.82675, 0.0, 2.82675], [2.82675, 2.82675, 0.0]], "volume": 45.174379732593756, "alpha": 59.99999999999999, "beta": 59.99999999999999}, "sites": [{"properties": {}, "abc": [0.0, 0.0, 0.0], "xyz": [0.0, 0.0, 0.0], "species": [{"occu": 1, "element": "Ga"}], "label": "Ga"}, {"properties": {}, "abc": [0.25, 0.25, 0.25], "xyz": [1.413375, 1.413375, 1.413375], "species": [{"occu": 1, "element": "As"}], "label": "As"}], "@class": "Structure", "@module": "pymatgen.core.structure"}