{"lattice": {"a": 3.840258524794234, "gamma": 59.99999999999999, "c": 3.840258524794234, "b": 3.840258524794234, "matrix": [[0.0, 2.71547284439145, 2.71547284439145], [2.71547284439145, 0.0, 2.71547284439145], [2.71547284439145, 2.71547284439145, 0.0]], "volume": 40.046668046755464, "alpha": 59.99999999999999, "beta": 59.99999999999999}, "sites": [{"properties": {}, "abc": [-0.125, -0.125, -0.125], "xyz": [-0.6788682110978626, -0.6788682110978626, -0.6788682110978626], "species": [{"occu": 1, "element": "Si"}], "label": "Si"}, {"properties": {}, "abc": [0.125, 0.125, 0.125], "xyz": [0.6788682110978626, 0.6788682110978626, 0.6788682110978626], "species": [{"occu": 1, "element": "Si"}], "label": "Si"}], "@class": "Structure", "@module": "pymatgen.core.structure"}